{
    "now": "2024-05-31T19:56:38.219Z",
    "perfNow": 37458.5,
    "diagnosticCorrelation": "cf5fe857-2c1c-4440-9002-5443e2d3049e",
    "source": "DownloadSupportFiles",
    "environment": {
        "productName": "adf",
        "buildVersion": "1.0.051724.5",
        "environmentType": 3,
        "resourceName": "tokyo-olympic-df-sg",
        "resourceRegion": "southeastasia",
        "resourceGroup": "tokyo-olympic",
        "subscriptionId": "228b2c6e-8769-4b22-9e84-c52edeea6f57",
        "sessionId": "g3RYZB3iAb2+wqMhb79Op7",
        "operationId": "",
        "gitType": "live",
        "loggingKey": "6d6c11c5-fb73-4ebc-ab7e-a66530d224d3"
    },
    "additionalInfo": {
        "selectedResource": "data-ingestion",
        "selectedResourceType": "pipeline"
    }
}